slug,words,dup_pct,src_pct,src
dacha-sabashnikova,293,99,99,https://jalita.com/big_yalta/simeiz/villa_sabashnikov.shtml
ptitsa-schastya,869,99,99,https://jalita.com/guidebook/legends/bird_of_fortuna.shtml
istoriya-stroitelstva-massandrovskogo-dvortsa-3,777,98,97,https://jalita.com/big_yalta/massandra/palace_alexandr_1.shtml
villa-selbi,139,98,98,https://jalita.com/big_yalta/simeiz/villa_selbi.shtml
dacha-akademika-kurchatova-v-mishore,713,97,97,https://jalita.com/big_yalta/mishor/kurchatov_cottage.shtml
dobycha-nefti-v-krymu,924,97,97,https://jalita.com/guidebook/crimea/oil.shtml
ekspozitsiya-massandrovskogo-dvortsa-muzeya-2,532,97,97,https://jalita.com/big_yalta/massandra/bathroom.shtml
ekspozitsiya-massandrovskogo-dvortsa-muzeya-8,621,97,97,https://jalita.com/big_yalta/massandra/main_dining_room.shtml
interery-livadijskogo-dvortsa-1-j-etazh,1720,97,97,https://jalita.com/big_yalta/livadia/interior_livadia_1_floor.shtml
istochnik-vernosti,521,97,97,https://jalita.com/guidebook/legends/spring_perchem.shtml
kupchaya-s-n-n-titushkinym-na-uchastok-zemli-v-krymu-ot-6-marta-1909-g,545,97,97,https://jalita.com/big_yalta/mishor/murad-avur_buy.shtml
lesnoe-ischeznuvshee-selo-kryma,402,97,94,https://jalita.com/guidebook/crimea/lesnoe.shtml
dom-muzej-a-p-chehova-v-yalte-4,257,96,96,https://jalita.com/big_yalta/chehov/first_floor.shtml
ekspozitsiya-massandrovskogo-dvortsa-muzeya-7,442,96,96,https://jalita.com/big_yalta/massandra/ground_vestibule.shtml
istoriya-stroitelstva-massandrovskogo-dvortsa-5,795,96,95,https://jalita.com/big_yalta/massandra/palace_alexandr_1.shtml
krymskie-partizany,932,96,90,https://jalita.com/guidebook/crimea/partisan.shtml
legenda-o-velikom-medvede,680,96,94,https://jalita.com/guidebook/legends/au-dag_great.shtml
peshhera-iograf-2,369,96,96,https://jalita.com/guidebook/cave_crimea/iograf.shtml
prirodnye-dostoprimechatelnosti-2,333,96,96,https://jalita.com/big_yalta/yalta/natural_resources.shtml
verhij-kastropol-v-gody-velikoj-otechestvennoj-vojny,564,96,96,https://jalita.com/big_yalta/kastropol/sevas.shtml
yaltinskij-gidrotonnel,596,96,96,https://jalita.com/big_yalta/yalta/yalta_water_tunnel.shtml
a-p-chekhov-house-museum-in-yalta,1012,95,95,https://jalita.com/big_yalta/chehov/index_eng.shtml
dinastiya-sabashnikovyh,228,95,95,https://jalita.com/big_yalta/simeiz/sabashnikov.shtml
dolgorukovskaya-yajla-2,507,95,95,https://jalita.com/guidebook/crimea/dolgoruk-yayla_flora.shtml
ekspozitsiya-massandrovskogo-dvortsa-muzeya-10,90,95,95,https://jalita.com/big_yalta/massandra/exposition.shtml
ekspozitsiya-massandrovskogo-dvortsa-muzeya-5,2231,95,95,https://jalita.com/big_yalta/massandra/cabinet_his_majesty.shtml
gibel-parohoda-lenin,838,95,95,https://jalita.com/big_yalta/laspi/sarych_lenin.shtml
istoriya-nemetskoj-lyuteranskoj-tserkvi-v-krymu,794,95,95,https://jalita.com/guidebook/crimea/luterane.shtml
kurgan-slavy-nadpisi-na-pamyatnike,777,95,95,https://jalita.com/guidebook/crimea/dolgoruk-yayla_barrow.shtml
meteostantsiya-na-aj-petri,298,95,95,https://jalita.com/big_yalta/alupka/ai-petry_weather_station.shtml
ot-karagolya-vdol-shosse-yalta-bahchisaraj,731,95,95,https://jalita.com/big_yalta/forest/karagol_path.shtml
potemkinskie-derevni,623,95,95,https://jalita.com/guidebook/crimea/potemkin_village.shtml
s-imenem-yalty-na-bortu,403,95,95,https://jalita.com/big_yalta/yalta/with_name_yalta.shtml
alupkinskij-park-nizhnij-park,1011,94,94,https://jalita.com/big_yalta/alupka/lower_park.shtml
alupkinskij-park-verhnij-park,1516,94,94,https://jalita.com/big_yalta/alupka/upper_park.shtml
arabatka-kurortnaya,583,94,85,https://jalita.com/guidebook/crimea/arabat_health_resort.shtml
arhitektura-vorontsovskogo-dvortsa,964,94,94,https://jalita.com/big_yalta/alupka/architecture_palace.shtml
dom-muzej-antona-pavlovicha-chehova,632,94,94,https://jalita.com/big_yalta/chehov/index.shtml
dom-muzej-a-p-chehova-v-yalte-8,805,94,94,https://jalita.com/big_yalta/chehov/room_knipper.shtml
dom-muzej-a-p-chehova-v-yalte-9,531,94,94,https://jalita.com/big_yalta/chehov/room_relation.shtml
ekskursiya-na-goru-kastel,1056,94,94,https://jalita.com/big_yalta/alushta/kastel_path.shtml
ekspozitsiya-alupkinskogo-dvortsa-5,364,94,94,https://jalita.com/big_yalta/alupka/lounge.shtml
forosskij-park,996,94,94,https://jalita.com/big_yalta/simeiz/foros_park.shtml
gurzuf-literaturnyj,1279,94,92,https://jalita.com/big_yalta/gurzuf/literature_1.shtml
hram-devy,671,94,93,https://jalita.com/guidebook/crimea/temple_virgin.shtml
alupkinskij-park,1121,93,93,https://jalita.com/big_yalta/alupka/creation_park.shtml
arheologicheskie-pamyatniki-dolgorukovskoj-yajly,875,93,93,https://jalita.com/guidebook/crimea/dolgoruk-yayla_antiquities.shtml
avunda-reka,305,93,93,https://jalita.com/big_yalta/gurzuf/avunda_river.shtml
ekspozitsiya-alupkinskogo-dvortsa-3,519,93,93,https://jalita.com/big_yalta/alupka/lobby.shtml
ekspozitsiya-massandrovskogo-dvortsa-muzeya-11,236,93,93,https://jalita.com/big_yalta/massandra/waiting_room_her_majesty.shtml
ekspozitsiya-massandrovskogo-dvortsa-muzeya-4,1306,93,93,https://jalita.com/big_yalta/massandra/billiard_room.shtml
kastel-gora,956,93,93,https://jalita.com/big_yalta/alushta/kastel.shtml
pushkinskij-fontan,354,93,92,https://jalita.com/big_yalta/gurzuf/pushkin_fountain.shtml
skelet-mamonta-v-peshhere-emine-bair-hosar,840,93,81,https://jalita.com/guidebook/cave_crimea/emine-bair-hosar_mamont.shtml
solyanoj-promysel-na-sivashe,894,93,80,https://jalita.com/guidebook/crimea/sivash_salt.shtml
tavrskie-mogilniki-v-krymu,513,93,88,https://jalita.com/guidebook/crimea/tavr_mogil.shtml
vodopad-uchan-su,703,93,83,https://jalita.com/big_yalta/yalta/uchan-su.shtml
v-zujskij-les-k-partizanskomu-memorialu,1616,93,93,https://jalita.com/guidebook/crimea/dolgoruk-yayla_path.shtml
adalary-skaly-bliznetsy-u-gurzufa,634,92,92,https://jalita.com/big_yalta/gurzuf/adalary.shtml
arhitektura-livadijskogo-dvortsa-2,828,92,92,https://jalita.com/big_yalta/livadia/architecture_livadia.shtml
barelef-a-s-pushkina,508,92,92,https://jalita.com/big_yalta/gurzuf/pushkin_bareljef.shtml
dacha-sviyagina,344,92,92,https://jalita.com/big_yalta/simeiz/villa_sviyagina.shtml
dom-muzej-a-p-chehova-v-yalte,3276,92,92,https://jalita.com/big_yalta/chehov/cabinet_chehov.shtml
dom-muzej-a-p-chehova-v-yalte-11,116,92,92,https://jalita.com/big_yalta/chehov/second_floor.shtml
dom-muzej-a-p-chehova-v-yalte-3,480,92,92,https://jalita.com/big_yalta/chehov/dining_room.shtml
dom-muzej-a-p-chehova-v-yalte-6,608,92,92,https://jalita.com/big_yalta/chehov/room_eachehova.shtml
haraks,1239,92,92,https://jalita.com/big_yalta/swallow_nest/charax_fortress.shtml
istoriya-otkrytiya-emine-bair-hosar,526,92,88,https://jalita.com/guidebook/cave_crimea/emine-bair-hosar_history.shtml
istoriya-stroitelstva-massandrovskogo-dvortsa-2,1192,92,92,https://jalita.com/big_yalta/massandra/palace_alexandr.shtml
istoriya-stroitelstva-massandrovskogo-dvortsa-4,800,92,89,https://jalita.com/big_yalta/massandra/palace_alexandr.shtml
istoriya-stroitelstva-massandrovskogo-dvortsa-6,896,92,92,https://jalita.com/big_yalta/massandra/palace_alexandr_1.shtml
kastel-gora-pamyatnik-geologii,935,92,90,https://jalita.com/big_yalta/alushta/kastel_geology.shtml
kromleh-sila-solntsa-na-zemle,699,92,90,https://jalita.com/guidebook/crimea/kromlex.shtml
orografiya-i-osobennosti-relefa-chatyr-daga,245,92,83,https://jalita.com/big_yalta/forest/chatyr-dag_relief.shtml
pochvy-rastitelnost-i-zhivotnyj-mir-chatyrdagskoj-yajly,445,92,84,https://jalita.com/big_yalta/forest/chatyr-dag_nature.shtml
starinnye-usadby-dachi-villy-simeiza,430,92,92,https://jalita.com/big_yalta/simeiz/villa.shtml
villa-mechta,438,92,91,https://jalita.com/big_yalta/simeiz/villa_mechta.shtml
chasovnya-na-naberezhnoj-yalty,381,91,91,https://jalita.com/big_yalta/yalta/chapel.shtml
dom-muzej-a-p-chehova-v-yalte-10,125,91,91,https://jalita.com/big_yalta/chehov/veranda.shtml
ekspozitsiya-alupkinskogo-dvortsa-2,353,91,91,https://jalita.com/big_yalta/alupka/library.shtml
ekspozitsiya-massandrovskogo-dvortsa-muzeya-9,1411,91,91,https://jalita.com/big_yalta/massandra/cabinet_her_majesty.shtml
ekspozitsiya-vorontsovskogo-dvortsa-3,420,91,91,https://jalita.com/big_yalta/alupka/dining_room.shtml
hozyajstvennaya-deyatelnost-cheloveka-na-chatyr-dage,478,91,76,https://jalita.com/big_yalta/forest/chatyr-dag_agro.shtml
imenie-haraks,1022,91,91,https://jalita.com/big_yalta/mishor/charax.shtml
sovremennye-geologicheskie-yavleniya-na-chatyr-dage,1436,91,88,https://jalita.com/big_yalta/forest/chatyr-dag_geology_mod.shtml
chehovskij-sad,474,90,90,https://jalita.com/big_yalta/chehov/garden.shtml
dacha-e-l-korobinoj-selyam,328,90,90,https://jalita.com/big_yalta/simeiz/villa_selyam.shtml
dacha-lansere-hrizolit,252,90,90,https://jalita.com/big_yalta/simeiz/villa_hrizolit.shtml
dacha-nyukta,171,90,90,https://jalita.com/big_yalta/simeiz/villa_nukta.shtml
dom-muzej-a-p-chehova-v-yalte-12,1510,90,90,https://jalita.com/big_yalta/chehov/third_floor.shtml
efirmaslo-nauchno-proizvodstvennoe-obedinenie,568,90,62,https://jalita.com/guidebook/crimea/efirmaslo.shtml
ekskursiya-v-emine-bair-hosar,1420,90,90,https://jalita.com/guidebook/cave_crimea/emine-bair-hosar_desc.shtml
gryazevye-vulkany-kryma,678,90,55,https://jalita.com/guidebook/crimea/sopki.shtml
issledovanie-zmeinoj-peshhery,467,90,88,https://jalita.com/guidebook/cave_crimea/snake_research.shtml
istoriya-alupki,105,90,90,https://jalita.com/big_yalta/alupka/alupka_1.shtml
ot-simeiza-do-buhty-laspi,1079,90,88,https://jalita.com/big_yalta/simeiz/index.shtml
pamyatnik-s-kurseitovu,176,90,90,https://jalita.com/guidebook/crimea/dolgoruk-yayla_kurseitov.shtml
peshhernye-goroda-kryma,700,90,90,https://jalita.com/guidebook/cave/index.shtml
aj-todor-mys,765,89,89,https://jalita.com/big_yalta/swallow_nest/ai-todor.shtml
angarskij-pereval,533,89,89,https://jalita.com/big_yalta/road/angarskiy_pass.shtml
arhitektura-livadijskogo-dvortsa,656,89,89,https://jalita.com/big_yalta/livadia/architecture_livadia_1.shtml
arhitektura-livadijskogo-dvortsa-3,479,89,89,https://jalita.com/big_yalta/livadia/architecture_livadia_2.shtml
chasovnya-vo-imya-svyatogo-nikolaya,179,89,89,https://jalita.com/big_yalta/yalta/chapel_sea.shtml
dostoprimechatelnosti-gurzufa,1226,89,89,https://jalita.com/big_yalta/gurzuf/places.shtml
ekspozitsiya-massandrovskogo-dvortsa-muzeya-3,504,89,89,https://jalita.com/big_yalta/massandra/bedchamber_their_majesty.shtml
ekspozitsiya-vorontsovskogo-dvortsa,321,89,89,https://jalita.com/big_yalta/alupka/chinese_cabinet.shtml
fontan-laquo-noch-raquo,199,89,89,https://jalita.com/big_yalta/gurzuf/fountain_night.shtml
issledovanie-adzhimushkajskih-kamenolomen,469,89,84,https://jalita.com/guidebook/crimea/adjimushkay_research.shtml
kupalni-roffe,266,89,89,https://jalita.com/big_yalta/yalta/roffe.shtml
marshruty-v-uch-kosh,1119,89,89,https://jalita.com/big_yalta/yalta/uch-kosh_path.shtml
taraktashskaya-tropa,701,89,89,https://jalita.com/big_yalta/yalta/taraktash_path.shtml
tavrskoe-svyatilishhe-u-gurzufskogo-sedla,882,89,84,https://jalita.com/big_yalta/gurzuf/tavr_sanctuary.shtml
uchan-su-reka-vodopadnaya,364,89,83,https://jalita.com/big_yalta/yalta/uchan-su_river.shtml
villa-elena,406,89,89,https://jalita.com/big_yalta/yalta/villa_elena.shtml
dacha-stankevich-miro-mare,268,88,88,https://jalita.com/big_yalta/simeiz/villa_miro-mare.shtml
dinastiya-komstadiusov,914,88,88,https://jalita.com/big_yalta/mishor/komstadius.shtml
dinastiya-shlee-v-simeize,235,88,88,https://jalita.com/big_yalta/simeiz/shlee.shtml
dom-muzej-a-p-chehova-v-yalte-7,1133,88,88,https://jalita.com/big_yalta/chehov/room_guest.shtml
dostoprimechatelnosti-kyz-kermena,1522,88,62,https://jalita.com/guidebook/cave/kyz-kermen_places.shtml
ekspozitsiya-alupkinskogo-dvortsa,365,88,88,https://jalita.com/big_yalta/alupka/exposition.shtml
geologicheskoe-stroenie-chatyr-daga,1093,88,80,https://jalita.com/big_yalta/forest/chatyr-dag_geology.shtml
gory-nad-kastropolem,743,88,86,https://jalita.com/big_yalta/kastropol/kastropol_mountin.shtml
griby-v-krymu,935,88,88,https://jalita.com/guidebook/crimea/fungi.shtml
gurzuf-2,1010,88,88,https://jalita.com/big_yalta/gurzuf/index.shtml
imenie-murad-avur-ispolnenie-zhelanij,349,88,87,https://jalita.com/big_yalta/mishor/murad-avur_cottage.shtml
klimat-i-vody-chatyr-daga,368,88,73,https://jalita.com/big_yalta/forest/chatyr-dag_climate.shtml
krymskij-gornyj-klub,162,88,88,https://jalita.com/big_yalta/yalta/crimea_mount_club.shtml
massandra,810,88,88,https://jalita.com/big_yalta/massandra/index.shtml
mavzolej-dzhanike-hanym,255,88,87,https://jalita.com/guidebook/cave/mausoleum_djanikee.shtml
nikitskij-botanicheskij-sad-2,435,88,88,https://jalita.com/big_yalta/nikita/calendar.shtml
tavrskie-yashhiki-okolo-gory-aj-nikola,141,88,88,https://jalita.com/big_yalta/oreanda/ai-nikola_mogil.shtml
usadba-mordvinova-horoshaya-pustosh,716,88,87,https://jalita.com/big_yalta/yalta/mordvinov.shtml
villa-kseniya,267,88,88,https://jalita.com/big_yalta/simeiz/villa_kseniya.shtml
zolotoj-plyazh-i-lastochkino-gnezdo,529,88,81,https://jalita.com/big_yalta/swallow_nest/zolotoy_plyazh.shtml
arhitektura-livadijskogo-dvortsa-4,211,87,87,https://jalita.com/big_yalta/livadia/architecture_livadia.shtml
dacha-subbotinoj,194,87,87,https://jalita.com/big_yalta/simeiz/villa_subbotinoy.shtml
ekspozitsiya-alupkinskogo-dvortsa-4,395,87,87,https://jalita.com/big_yalta/alupka/main_cabinet.shtml
grot-cherepaha,262,87,87,https://jalita.com/guidebook/cave/kyz-kermen_cherepaha.shtml
kastropol,1207,87,87,https://jalita.com/big_yalta/kastropol/index.shtml
krymskie-gory,1887,87,87,https://jalita.com/guidebook/crimea/mountain.shtml
pansion-n-k-aleksandrova-dolnika,313,87,87,https://jalita.com/big_yalta/simeiz/villa_dolnikova.shtml
samoletostroenie-v-krymu,748,87,87,https://jalita.com/guidebook/crimea/air.shtml
sopochnaya-gryaz,535,87,80,https://jalita.com/guidebook/crimea/mud.shtml
vasilevka,459,87,87,https://jalita.com/big_yalta/yalta/vasilievka.shtml
villa-belyj-lebed-ampir,288,87,87,https://jalita.com/big_yalta/simeiz/villa_ampir.shtml
villa-bolshoj-bogdan-n-n-bogdanova,349,87,87,https://jalita.com/big_yalta/simeiz/villa_big_bogdan.shtml
villa-shlee-hajal,270,87,87,https://jalita.com/big_yalta/simeiz/villa_shlee.shtml
ekspozitsiya-alupkinskogo-dvortsa-6,297,86,86,https://jalita.com/big_yalta/alupka/winter_garden.shtml
ekspozitsiya-alupkinskogo-dvortsa-7,355,86,86,https://jalita.com/big_yalta/alupka/upholstered_room.shtml
eski-kermen,2943,86,60,https://jalita.com/guidebook/cave/eski-kermen_desc.shtml
legenda-o-paragilmene,552,86,86,https://jalita.com/guidebook/legends/paragilmen.shtml
ponizovka,649,86,86,https://jalita.com/big_yalta/simeiz/ponizovka.shtml
roman-kosh,817,86,85,https://jalita.com/big_yalta/gurzuf/roman-kosh.shtml
tash-koj-kamennaya-derevnya,528,86,86,https://jalita.com/big_yalta/simeiz/tash-koi.shtml
tavrskie-mogilniki-na-gore-koshka,251,86,86,https://jalita.com/big_yalta/simeiz/mountain_cat_mogil.shtml
villa-divo-dacha-semenova,299,86,86,https://jalita.com/big_yalta/simeiz/villa_divo.shtml
adzhimushkajskie-kamenolomni,742,85,84,https://jalita.com/guidebook/crimea/adjimushkay.shtml
bolshoj-grot-s-istochnikom-kyz-kermen,262,85,83,https://jalita.com/guidebook/cave/kyz-kermen_spring.shtml
dom-muzej-a-p-chehova-v-yalte-2,603,85,85,https://jalita.com/big_yalta/chehov/bedroom.shtml
imenie-baryatinskih-selbillyar-kiparisovaya-roshha,428,85,85,https://jalita.com/big_yalta/yalta/selbiar.shtml
peshhera-emine-bair-hosar-2,840,85,85,https://jalita.com/guidebook/cave_crimea/emine-bair-hosar.shtml
shtangeevskaya-tropa,323,85,85,https://jalita.com/big_yalta/yalta/shtangeev_path.shtml
stranitsy-istorii-gurzufa,4658,85,81,https://jalita.com/big_yalta/gurzuf/history_1.shtml
tektonika-chatyr-daga,412,85,75,https://jalita.com/big_yalta/forest/chatyr-dag_tektonik.shtml
ekspozitsiya-vorontsovskogo-dvortsa-2,462,84,84,https://jalita.com/big_yalta/alupka/billiard_room.shtml
krymskoe-hanstvo,864,84,84,https://jalita.com/guidebook/crimea/crimean_khanate.shtml
shajtan-koba,344,84,84,https://jalita.com/guidebook/crimea/shaitan_koba.shtml
tik-kuyu-osadnyj-kolodets-chufut-kale,987,84,84,https://jalita.com/guidebook/cave/chufut-kale_tik_kueu.shtml
villa-kameya,283,84,84,https://jalita.com/big_yalta/simeiz/villa_kameya.shtml
v-yaltu-iz-sevastopolya-cherez-bajdarskie-vorota,859,84,84,https://jalita.com/big_yalta/road/to_yalta_sevas.shtml
arabatskaya-strelka-kosa,1169,83,82,https://jalita.com/guidebook/crimea/arabat.shtml
bulganakskie-sopki,586,83,83,https://jalita.com/guidebook/crimea/bulganakskie.shtml
dzhanike-hanym,598,83,83,https://jalita.com/guidebook/cave/djanikee.shtml
ekspozitsiya-vorontsovskogo-dvortsa-4,220,83,83,https://jalita.com/big_yalta/alupka/dressing_room.shtml
kak-ranshe-na-more-ezdili-cherez-simferopol,956,83,83,https://jalita.com/big_yalta/road/old_path_to_yalta.shtml
mastreiz-pritok,187,83,83,https://jalita.com/big_yalta/yalta/mastreiz.shtml
nizhnij-kastropol-i-lesnaya-zona,167,83,83,https://jalita.com/big_yalta/kastropol/index.shtml
sivash-ili-gniloe-more,975,83,83,https://jalita.com/guidebook/crimea/sivash.shtml
tserkovnyj-grot-kachi-kalona,339,83,83,https://jalita.com/guidebook/cave/kachi-kalion_grotto.shtml
villa-barbo-maevka,151,83,83,https://jalita.com/big_yalta/mishor/maevka.shtml
geograficheskoe-polozhenie-chatyr-daga,381,82,58,https://jalita.com/big_yalta/forest/chatyr-dag_geografy.shtml
gurzufskoe-sedlo,299,82,82,https://jalita.com/big_yalta/gurzuf/gurzuf_saddle.shtml
krymskaya-gornaya-trollejbusnaya-trassa,632,82,82,https://jalita.com/big_yalta/road/trolleybus_route.shtml
najdennye-v-krymu-klady,858,82,82,https://jalita.com/guidebook/crimea/treasure.shtml
romanovskaya-doroga,923,82,82,https://jalita.com/big_yalta/road/roman_road.shtml
tavry,674,82,82,https://jalita.com/guidebook/crimea/tavry.shtml
ushhele-uch-kosh,561,82,82,https://jalita.com/big_yalta/yalta/uch-kosh.shtml
vodohranilishhe-sikorskogo,254,82,82,https://jalita.com/big_yalta/alupka/reservoir_sikorskiy.shtml
zhanna-de-lya-mott-afera-veka,411,82,82,https://jalita.com/big_yalta/gurzuf/swindle.shtml
zub-drevnego-nosoroga-v-peshhere-emine-bair-hosar,257,82,82,https://jalita.com/guidebook/cave_crimea/emine-bair-hosar_tooth.shtml
krymskij-zapovednik,901,81,81,https://jalita.com/big_yalta/forest/index.shtml
legendy-kryma,361,81,81,https://jalita.com/guidebook/legends/index.shtml
usadba-ustinova-vasil-saraj,223,81,81,https://jalita.com/big_yalta/massandra/ustinov.shtml
barelef-a-nbsp-s-nbsp-pushkina,542,80,80,https://jalita.com/big_yalta/gurzuf/pushkin_bareljef.shtml
chernorechenskij-kanon,640,80,80,https://jalita.com/big_yalta/simeiz/chernorechensk_canyon.shtml
dacha-saklya-saburova,149,80,80,https://jalita.com/big_yalta/simeiz/villa_saburov.shtml
dolgorukovskaya-yajla,706,80,80,https://jalita.com/guidebook/crimea/dolgoruk-yayla.shtml
ekspozitsiya-massandrovskogo-dvortsa-muzeya-12,1950,80,80,https://jalita.com/big_yalta/massandra/waiting_room_his_majesty.shtml
interery-livadijskogo-dvortsa,488,80,80,https://jalita.com/big_yalta/livadia/interior_livadia.shtml
issledovanie-kosmosa-v-krymu,859,80,79,https://jalita.com/guidebook/crimea/space.shtml
ivanenkovskij-partizanskij-aerodrom,422,80,80,https://jalita.com/guidebook/crimea/dolgoruk-yayla_aerodrome.shtml
kak-dobratsya-do-emine-bair-hosar,376,80,76,https://jalita.com/guidebook/cave_crimea/emine-bair-hosar_path.shtml
krymskie-nazvaniya-v-parizhe,844,80,80,https://jalita.com/guidebook/crimea/name_paris.shtml
kyz-kermen,1024,80,80,https://jalita.com/guidebook/cave/kyz-kermen.shtml
shaan-kaya-gora,395,80,80,https://jalita.com/big_yalta/alupka/shaan-kaya.shtml
arhitektura-livadijskogo-dvortsa-5,306,79,79,https://jalita.com/big_yalta/livadia/architecture_livadia_4.shtml
kanony-v-krymu,339,79,79,https://jalita.com/guidebook/crimea/canyons.shtml
vystavka-irisov-v-nikitskom-botanicheskom-sadu,234,79,78,https://jalita.com/big_yalta/nikita/iris.shtml
5-samyh-zagadochnyh-nenajdennyh-kladov,376,78,78,https://jalita.com/guidebook/crimea/treasure_notfound.shtml
laspi,684,78,78,https://jalita.com/big_yalta/laspi/index.shtml
livadijskij-organ,617,78,78,https://jalita.com/big_yalta/livadia/organ.shtml
oreanda,311,78,78,https://jalita.com/big_yalta/oreanda/index.shtml
partizanskij-aerodrom,921,78,78,https://jalita.com/guidebook/crimea/karabi-yayla_aerodrome.shtml
skala-parus-2,152,78,78,https://jalita.com/big_yalta/swallow_nest/rock_parus.shtml
babugan-yajla,666,76,76,https://jalita.com/big_yalta/gurzuf/babugan-yaila.shtml
dzhenevez-kaya-skala,298,76,76,https://jalita.com/big_yalta/gurzuf/djenevez-kaya.shtml
efiromaslichnoe-proizvodstvo-v-krymu,921,76,76,https://jalita.com/guidebook/crimea/efir_branch.shtml
gryazevoj-vulkan-dzhau-tepe,526,76,76,https://jalita.com/guidebook/crimea/djau-tepe.shtml
tsarskij-kurgan,628,76,76,https://jalita.com/guidebook/crimea/tsar_barrow.shtml
efirnoe-maslo-kryma,515,75,70,https://jalita.com/guidebook/crimea/efir_oil.shtml
kazachya-veha,505,75,75,https://jalita.com/big_yalta/oreanda/kazak_veha.shtml
mastera-oformlyavshie-massandrovskij-dvorets,292,75,75,https://jalita.com/big_yalta/massandra/mesmaher.shtml
put-v-yaltu-iz-bahchisaraya-cherez-aj-petri,565,75,75,https://jalita.com/big_yalta/road/to_yalta_bakhchisaray.shtml
yaltinskij-luk,657,75,75,https://jalita.com/guidebook/crimea/yalta_onion.shtml
glavnaya-gryada-krymskih-gor,680,74,74,https://jalita.com/guidebook/crimea/main_range.shtml
hram-treh-vsadnikov,422,74,74,https://jalita.com/guidebook/cave/eski-kermen_tri_vsadnika.shtml
ilyas-kaya-gora,505,74,74,https://jalita.com/big_yalta/laspi/ilyas-kaya.shtml
kush-kaya-gora,198,74,74,https://jalita.com/big_yalta/laspi/kush-kaya.shtml
mangup,1752,74,74,https://jalita.com/guidebook/cave/mangup.shtml
villa-anastasiya,185,74,74,https://jalita.com/big_yalta/yalta/villa_anastasiya.shtml
aj-todorskij-mayak,920,73,73,https://jalita.com/big_yalta/swallow_nest/lighthouse.shtml
bakla,738,73,73,https://jalita.com/guidebook/cave/bakla.shtml
dacha-zykovoj,139,73,73,https://jalita.com/big_yalta/simeiz/villa_zykovoy.shtml
krasnokamenka,647,73,73,https://jalita.com/big_yalta/gurzuf/krasnokamenka.shtml
krasnokamenka-2,647,73,73,https://jalita.com/big_yalta/gurzuf/krasnokamenka.shtml
parad-hrizantem-v-nikitskom-botanicheskom-sadu,295,73,73,https://jalita.com/big_yalta/nikita/chrysanthemum.shtml
stavrikajskaya-tropa,127,73,73,https://jalita.com/big_yalta/yalta/stavrikaya_path.shtml
urochishhe-besh-tekne,298,73,73,https://jalita.com/big_yalta/forest/besh-tekne.shtml
chatyr-dag-shater-gora,1185,72,69,https://jalita.com/big_yalta/forest/chatyr-dag.shtml
chto-takoe-tip-bazilika,97,72,72,https://jalita.com/guidebook/crimea/bazilika.shtml
voshod-poselok,183,72,70,https://jalita.com/big_yalta/massandra/voshod.shtml
livadiya-2,649,71,71,https://jalita.com/big_yalta/livadia/livadia.shtml
mishor-koreiz-gaspra,918,71,71,https://jalita.com/big_yalta/mishor/index.shtml
alimova-peshhera,198,70,70,https://jalita.com/guidebook/cave_crimea/alimova_simf.shtml
izvestnye-gorozhane-yalty,803,70,70,https://jalita.com/big_yalta/yalta/culturalworkers.shtml
klimat-arabatskoj-strelki,455,70,50,https://jalita.com/guidebook/crimea/arabat_climate.shtml
kutuzovskij-fontan,97,70,70,https://jalita.com/big_yalta/road/kutuzov.shtml
klimat-dolgorukovskoj-yajly,197,69,69,https://jalita.com/guidebook/crimea/dolgoruk-yayla_climate.shtml
shhepinskij-askold-aleksandrovich,741,67,67,https://jalita.com/guidebook/crimea/schepinskiy.shtml
balanyn-kayasy,552,66,66,https://jalita.com/big_yalta/yalta/balanyn-kayasy.shtml
interery-livadijskogo-dvortsa-2-j-etazh,1792,66,64,https://jalita.com/big_yalta/livadia/interior_livadia_2_floor.shtml
pushkinskij-grot-i-skala,214,66,66,https://jalita.com/big_yalta/gurzuf/pushkin_grotto.shtml
stoyanki-pervobytnogo-cheloveka-shan-koba-i-fatma-koba,505,65,48,https://jalita.com/big_yalta/simeiz/shan-koba.shtml
ekspozitsiya-massandrovskogo-dvortsa-muzeya,902,64,64,https://jalita.com/big_yalta/massandra/exposition.shtml
peshhery-chatyr-daga,699,64,54,https://jalita.com/big_yalta/forest/chatyr-dag_cave.shtml
ekspozitsiya-massandrovskogo-dvortsa-muzeya-6,282,63,63,https://jalita.com/big_yalta/massandra/exposition.shtml
peshhera-dzhur-dzhur,237,63,63,https://jalita.com/guidebook/cave_crimea/djur-djur_cave.shtml
fontan-slyoz-v-nikitskom-botanicheskom-sadu,90,61,61,https://jalita.com/big_yalta/nikita/monuments.shtml
obelisk-v-alushte-nad-bratskoj-mogiloj,103,61,61,https://jalita.com/big_yalta/road/alushta.shtml
dom-muzej-a-p-chehova-v-yalte-5,1177,60,60,https://jalita.com/big_yalta/chehov/living_room.shtml
istoriya-stroitelstva-massandrovskogo-dvortsa,1255,60,60,https://jalita.com/big_yalta/massandra/bushar.shtml
partizanskij-rodnik-ladoshki,277,60,52,https://jalita.com/guidebook/crimea/dolgoruk-yayla_slide.shtml
peshehodno-velosipednaya-tropa-evrejskaya,248,54,54,https://jalita.com/big_yalta/simeiz/evreika.shtml
drevnosti-dolgorukovskoj-yajly,1137,53,52,https://jalita.com/guidebook/crimea/dolgoruk-yayla_ancient.shtml
balan-kaya,102,51,51,https://jalita.com/big_yalta/yalta/balan-kaya.shtml
genuezskaya-krepost-v-gurzufe,432,50,44,https://jalita.com/big_yalta/gurzuf/history_1.shtml
zemlyatresenie-1927-goda-v-yalte,156,50,44,https://jalita.com/big_yalta/swallow_nest/earthquake.shtml
korabl-spetsialnogo-naznacheniya-krym,126,46,46,https://jalita.com/big_yalta/yalta/ship_crimea.shtml
kurgan-slavy,439,44,23,https://jalita.com/guidebook/crimea/partisan.shtml
klimat-laspi,324,40,40,https://jalita.com/big_yalta/laspi/index.shtml
alupka,1163,39,26,https://jalita.com/big_yalta/alupka/alupka_1.shtml
massandrovskij-park,723,35,28,https://jalita.com/big_yalta/massandra/park_massandra.shtml
peshhera-kizil-koba-krasnaya,475,30,30,https://jalita.com/guidebook/landscape/kizil-koba.shtml
skaly-bliznetsy-u-gurzufa,608,30,30,https://jalita.com/big_yalta/gurzuf/adalary.shtml
gurzufskaya-dolina,1877,29,18,https://jalita.com/big_yalta/gurzuf/roman-kosh.shtml
bedene-kyr,159,27,27,https://jalita.com/big_yalta/forest/bedene-kyr.shtml
prirodnye-dostoprimechatelnosti-mysa-aj-todor,444,24,24,https://jalita.com/big_yalta/swallow_nest/ai-todor.shtml
zmeinaya-peshhera-grot,534,20,13,https://jalita.com/guidebook/cave_crimea/snake_cave.shtml
peshhery-dolgorukovskoj-yajly,160,18,18,https://jalita.com/guidebook/crimea/dolgoruk-yayla.shtml
bajdarskie-vorota,487,17,9,https://jalita.com/big_yalta/simeiz/index.shtml
kachi-kalon-2,254,15,15,https://jalita.com/guidebook/cave/kachi-kalion.shtml
ayanskaya-peshhera,444,14,14,https://jalita.com/guidebook/river/ayan.shtml
otrog-limen-burun,500,13,10,https://jalita.com/big_yalta/swallow_nest/ai-todor.shtml
peshhery-yaltinskoj-yajly,100,13,13,https://jalita.com/guidebook/cave_crimea/iograf.shtml
kiziltash,241,11,6,https://jalita.com/big_yalta/gurzuf/krasnokamenka.shtml
krasnyj-kamen-skala,768,10,9,https://jalita.com/big_yalta/gurzuf/krasnokamenka.shtml
otradnoe,213,10,10,https://jalita.com/big_yalta/massandra/otradnoe.shtml
lastochkino-gnezdo,1764,8,4,https://jalita.com/big_yalta/swallow_nest/earthquake.shtml
gaspra,601,7,7,https://jalita.com/big_yalta/mishor/index.shtml
nikitskij-botanicheskij-sad-rekordy-interesnye-fakty,674,7,7,https://jalita.com/guidebook/facts/index.shtml
peshhery-babugana,178,7,7,https://jalita.com/big_yalta/gurzuf/babugan-yaila.shtml
skelskie-mengiry,459,7,7,https://jalita.com/guidebook/balaklava/rodnikovoe.shtml
muzei-kryma,85,6,4,https://jalita.com/guidebook/bakhchisaray/muzey_nagayevskoy_romma.shtml
bolshoj-kanon-kryma,736,5,4,https://jalita.com/guidebook/landscape/big_canyon_crimea.shtml
ifigeniya-skala,379,5,5,https://jalita.com/guidebook/landscape/rock_ifigenia.shtml
verhnij-kastropol-i-skala-ifigeniya,451,5,5,https://jalita.com/big_yalta/kastropol/index.shtml
avunda-avinda-gora,330,4,4,https://jalita.com/big_yalta/gurzuf/gurzuf_saddle.shtml
peshhernyj-gorod-mangup-kale,862,4,4,https://jalita.com/guidebook/cave/mangup.shtml
uzenbashskaya-tropa-po-otrogu-iograf-i-nagoryu,1013,4,4,https://jalita.com/guidebook/cave_crimea/iograf.shtml
ayu-dag-medved-gora,1010,3,3,https://jalita.com/guidebook/landscape/au-dag.shtml
besedka-vetrov-2,582,3,3,https://jalita.com/big_yalta/gurzuf/gurzuf_saddle.shtml
dubki-krymskogo-predgorya,688,3,3,https://jalita.com/guidebook/landscape/dubki.shtml
gurzuf,2182,3,2,https://jalita.com/big_yalta/gurzuf/literature_1.shtml
nikitskij-botanicheskij-sad,1530,3,3,https://jalita.com/guidebook/fortness/ruskofil-kale.shtml
prirodnye-dostoprimechatelnosti-simeiza,686,3,3,https://jalita.com/guidebook/landscape/rock_ifigenia.shtml
sandyk-kaya-gora,801,3,3,https://jalita.com/guidebook/fortness/sandyk-kaya.shtml
aj-nikola-gora,468,2,2,https://jalita.com/big_yalta/oreanda/kazak_veha.shtml
foros,772,2,2,https://jalita.com/big_yalta/simeiz/index.shtml
ke-105-peshhera,122,2,2,https://jalita.com/guidebook/cave_crimea/kizil-koba/describe.shtml
peshhera-adzhi-koba,379,2,2,https://jalita.com/guidebook/crimea/karabi-yayla_aerodrome.shtml
pushkinskij-kiparis,309,2,2,https://jalita.com/big_yalta/gurzuf/literature_1.shtml
simeiz,1834,2,2,https://jalita.com/guidebook/palace.shtml
simeiz-3,1834,2,2,https://jalita.com/guidebook/palace.shtml
tepe-kermen,582,2,2,https://jalita.com/guidebook/cave/tepe-kermen.shtml
aj-petrinskaya-yajla,402,1,1,https://jalita.com/big_yalta/alupka/reservoir_sikorskiy.shtml
angar-bogaz-angarskij-pereval,307,1,1,https://jalita.com/guidebook/bakhchisaray/svitskiy_korpus.shtml
dostoprimechatelnosti-aj-petri,445,1,1,https://jalita.com/guidebook/cave_crimea/trokhglazka.shtml
gora-dvuh-udodov-opuk,1013,1,1,https://jalita.com/guidebook/landscape/opuk.shtml
gurzufskaya-yajla,397,1,1,https://jalita.com/big_yalta/gurzuf/tavr_sanctuary.shtml
kamennye-parusniki-elken-kaya,765,1,1,https://jalita.com/guidebook/landscape/opuk.shtml
krymskoe-predgore,724,1,1,https://jalita.com/big_yalta/gurzuf/pushkin_grotto.shtml
livadijskij-park,1217,1,1,https://jalita.com/big_yalta/livadia/livadia.shtml
nikita-poselok,439,1,1,https://jalita.com/guidebook/alushta/zaprudnoe.shtml
ostanki-bizona-v-peshhere-emine-bair-hosar,212,1,1,https://jalita.com/guidebook/cave_crimea/emine-bair-hosar_index.shtml
peshhera-emine-bair-koba,501,1,1,https://jalita.com/guidebook/cave_crimea/kizil-koba/describe.shtml
peshhery-gory-basman,756,1,1,https://jalita.com/big_yalta/forest/basman_index.shtml
pirodnye-dostoprimechatelnosti,662,1,1,https://jalita.com/guidebook/landscape/juniper_forest.shtml
prirodnye-dostoprimechatelnosti-gurzufskogo-amfiteatra,532,1,1,https://jalita.com/guidebook/landscape/au-dag.shtml
rastitelnyj-mir-kryma,2584,1,1,https://jalita.com/guidebook/flora/pinus_nigra_pallasiana.shtml
skazanie-o-dzhanyke-iz-kyrk-ora,1191,1,1,https://jalita.com/guidebook/bakhchisaray/muzey_arkheologii_i_peshchernykh_gorodov.shtml
skulpturnaya-kompozitsiya-devushka-arzy-i-razbojnik-ali-baba-i-rusalka,205,1,1,https://jalita.com/big_yalta/alupka/ai-petry_monument_partizan.shtml
stratogaj,173,1,1,https://jalita.com/big_yalta/gurzuf/babugan-yaila_index.shtml
zimnie-tury-v-krymu,241,1,1,https://jalita.com/guidebook/bakhchisaray/grand_canyon_crimea.shtml
zolotaya-rossyp-u-chatyr-daga,1273,1,1,https://jalita.com/big_yalta/forest/chatyr-dag.shtml
200-let-simferopolyu,184,0,0,
70-let-sssr,115,0,0,
aj-nikolskaya-peshhera,639,0,0,
aj-petri-gora,918,0,0,
aj-petrinskij-meridian,164,0,0,
aj-petri-poezdki-na-goru-dobiraemsya-v-kompanii-i-individualno,1022,0,0,
aj-savva,429,0,0,
ak-kaya,291,0,0,
alimova-balka,381,0,0,
alminskij-memorial,366,0,0,
alminskoe-srazhenie,640,0,0,
alternativnaya-energetika,1134,0,0,
alupka-2,892,0,0,
alushtit,721,0,0,
a-m-gorkij-v-krymu,595,0,0,
arhitektura-vorontsovskogo-dvortsa-2,602,0,0,
armyanskaya-tserkov-v-yalte,377,0,0,
arpatskij-kanon,229,0,0,
artek,1250,0,0,
aryk-bashskaya-peshhera,142,0,0,
at-bash-gora,441,0,0,
averkieva-peshhera,194,0,0,
babuganskaya-peshhera,112,0,0,
bajdarskaya-dolina,815,0,0,
balka-sotera,321,0,0,
bashnya-choban-kule,413,0,0,
basman,816,0,0,
basman-3-im-golovkinskogo,184,0,0,
basman-5-im-dombrovskogo,231,0,0,
basman-6,150,0,0,
basman-7-im-bachinskogo,167,0,0,
batiliman-urochishhe,386,0,0,
bazarov-aleksandr-ivanovich,259,0,0,
belbekskaya-tisovaya-roshha,131,0,0,
belbekskij-kanon,309,0,0,
belbekskij-kanon-i-syujrenskaya-krepost,210,0,0,
besedka-vetrov,282,0,0,
beshujskie-kopi,947,0,0,
bezdonnaya-peshhera-kolodets,444,0,0,https://jalita.com/guidebook/cave_crimea/kizil-koba/describe.shtml
binbash-koba-tysyachegolovaya-peshhera,296,0,0,
bolshaya-yalta,431,0,0,https://jalita.com/guidebook/alushta/index.shtml
bolshoj-buzluk,315,0,0,https://jalita.com/guidebook/landscape/buzluk-koba.shtml
buhta-laspi,334,0,0,
bychya-peshhera,225,0,0,
chajnyj-domik,456,0,0,
cheremisovskie-vodopady,185,0,0,
cherez-sedam-kayu-na-aj-petri,916,0,0,
chernomorskij-kraevedcheskij-muzej,194,0,0,
chertova-lestnitsa-shajtan-merdven,987,0,0,https://jalita.com/guidebook/fortness/isar-kaya.shtml
chto-takoe-yajla,249,0,0,
chufut-kale,5453,0,0,https://jalita.com/guidebook/cave/uspenskiy.shtml
chufut-kale-2,430,0,0,
dacha-gorbacheva-v-forose-obekt-zarya,486,0,0,https://jalita.com/guidebook/gorbachev_foros.shtml
dacha-omyur,483,0,0,
danilcha-koba,336,0,0,
dasha-sevastopolskaya,471,0,0,
delikli-kaya,958,0,0,
demir-kapu,224,0,0,
derekojka-reka,490,0,0,
devlet-saraj,370,0,0,
dikie-tury-v-krymu,286,0,0,
dlinnaya-krepost,763,0,0,
dokolonizatsionnyj-period-geraklejskogo-poluostrova,801,0,0,
dolina-prividenij,567,0,0,
dom-muzej-shampanskih-vin-v-novom-svete,290,0,0,
doroga-yalta-aj-petri-bahchisaraj,256,0,0,
dostoprimechatelnosti-bahchisaraya-s-opisaniem-i-foto-v-krymu,265,0,0,
drevnij-belbek,325,0,0,
dubovaya-peshhera,98,0,0,
dubovaya-shahta,74,0,0,
dzhip-tur-chufut-kale,256,0,0,
dzhip-tur-ekskursiya-serdtsem-kryma,260,0,0,
dzhip-tur-po-peshhernym-gorodam-kryma,256,0,0,
dzhip-tur-po-vershinam-kryma,365,0,0,
dzhip-tury,1995,0,0,
echki-dag,368,0,0,
ekaterininskie-mili,326,0,0,
ekaterininskie-mili-2,617,0,0,
ekskursii-po-krymu,161,0,0,
ekskursii-po-krymu-s-luchshimi-tsenami-2019-iz-yalty-simferopolya-sevastopolya,653,0,0,
ekskursii-v-bahchisarae,523,0,0,
ekskursiya-puteshestvie-po-kachinskoj-doline-kryma,257,0,0,
ekskursiya-v-nikitskij-botanicheskij-sad,236,0,0,
eni-sala-2-koj,963,0,0,
eski-kermen-2,258,0,0,
fetta-gol,87,0,0,
fiziko-himicheskie-svojstva-kila,734,0,0,
fontan-noch,245,0,0,
fontan-rahil,291,0,0,
gde-v-krymu-pokatatsya-na-sankah-lyzhah-i-snoubordah,833,0,0,https://jalita.com/big_yalta/road/angarskiy_pass.shtml
genuezskaya-krepost-v-sudake,375,0,0,
geologiya-i-buhty-geraklejskogo-poluostrova,992,0,0,
geraklejskij-poluostrov,337,0,0,
gora-aj-georgij,315,0,0,
gora-aj-petri,416,0,0,
gora-ayu-dag-medved-gora,287,0,0,
gora-bakatash,294,0,0,
gora-chatyr-dag,478,0,0,
gora-demerdzhi,394,0,0,
gora-kara-dag-vulkanicheskij-massiv,404,0,0,
gora-kastel,320,0,0,
gora-koshka,208,0,0,
gora-koshka-2,380,0,0,
gora-krokodil,59,0,0,
gora-kuznets,574,0,0,
gora-paragilmen,688,0,0,
gora-perchem,360,0,0,
gora-roman-kosh,405,0,0,
gora-sandyk-kaya,288,0,0,
gora-sokol,133,0,0,
gosdacha-4-yusupovskij-dvorets,683,0,0,
gruppa-peshher-eni-sala,576,0,0,
gugerdzhin-hosar-golubinyj-kolodets,246,0,0,
gurzufskaya-buhta,417,0,0,
hajtarma,794,0,0,
hanskij-dvorets,485,0,0,
hory-na-geraklejskom-poluostrove,363,0,0,
hram-arhangelov-mihaila-i-gavriila,337,0,0,
hram-donatorov,385,0,0,
hram-hrista-spasitelya,354,0,0,
hram-ilii-proroka-v-solnechnoj-doline,545,0,0,
hram-pokrova-presvyatoj-bogoroditsy,521,0,0,
hrebet-drakon-ili-aj-yuri,235,0,0,
hristianstvo-v-krymu,358,0,0,
hrustalnyj-dvorets,672,0,0,
ifigeniya-v-tavride,1017,0,0,
individualnaya-ekskursiya-po-krymu-tur-bezlimitnyj,284,0,0,
individualnye-ekskursii-po-krymu,1351,0,0,
inkermanskij-peshhernyj-monastyr,550,0,0,
istoriko-kraevedcheskij-muzej-goroda-saki,665,0,0,
istoriya-issledovaniya-peshhery-mar-hosar-marchenko,896,0,0,
istoriya-nikitskogo-botanicheskogo-sada,1976,0,0,https://jalita.com/big_yalta/gurzuf/history_1.shtml
istoriya-veloturizma-v-krymu,522,0,0,
kachi-kalon,442,0,0,
kachi-kalon-i-skit-svyatoj-anastasii,207,0,0,
kak-voznikla-yalta,273,0,0,
kamnepadnaya-peshhera,100,0,0,
kanatnaya-doroga-mishor-aj-petri,557,0,0,
karabi-yajla,296,0,0,
karabi-yajla-2,888,0,0,
karani-hoba-peshhera,334,0,0,
karaul-kaya,84,0,0,
karaul-oba,256,0,0,
karstovaya-shahta-kyoppena,121,0,0,
kaskadnaya-peshhera-shahta,361,0,0,
katsiveli,553,0,0,
kemal-egerek,361,0,0,
kil,807,0,0,
kil-v-doline-kachi,249,0,0,
kil-v-meditsine,876,0,0,
kizil-kaya,209,0,0,
kizil-kaya-bogaz,145,0,0,
kiziltashskij-muzhskoj-monastyr,370,0,0,
klimat-na-massive-aj-petri,668,0,0,https://jalita.com/guidebook/bakhchisaray/grand_canyon_crimea.shtml
klimat-simeiza,549,0,0,
klimat-yuzhnogo-berega-kryma,960,0,0,
kokkozka-goluboy-pritok-reki-belbek-krymskogo-poluostrova,320,0,0,
kolodets-tik-kuyu,374,0,0,
kolonnada-v-nikitskom-botanicheskom-sadu,115,0,0,
konnye-tury-v-krymu,248,0,0,
koreiz,730,0,0,https://jalita.com/big_yalta/alupka/main_cabinet.shtml
koreizskaya-tropa,647,0,0,
korporativnyj-otdyh-v-krymu,292,0,0,
kosmo-damianovskij-istochnik,722,0,0,
k-peshhere-syundyurlyu-koba,693,0,0,
krepost-asandra,157,0,0,
krymbalskij-kamen-izvestnyak,819,0,0,
krym-kurortnyj,352,0,0,
krym-obshhie-svedeniya,1331,0,0,
krymskaya-peshhera,165,0,0,
krymskie-zemletryaseniya,960,0,0,
krymskie-zemletryaseniya-v-literature,235,0,0,
krymskoe-zemletryasenie-1927-goda,510,0,0,
kuchuk-isar,630,0,0,
kuchuk-kojskij-opolzen,295,0,0,
kuchuk-lambatskij-haos,275,0,0,
kurshlyuk-ubezhishha-na-bojke,316,0,0,
kurushlyuk-burun,72,0,0,
kutlakskaya-krepost,140,0,0,
legenda-o-kolybeli-spryatannoj-na-gore-basman,1018,0,0,
legenda-o-medved-gore,544,0,0,
legenda-o-vozniknovenii-georgievskogo-monastyrya,416,0,0,
legendy-kiziltasha,598,0,0,
legendy-mangup-kale,242,0,0,
lev-nikolaevich-tolstoj-v-gaspre,597,0,0,
livadijskij-organnyj-zal,325,0,0,
livadiya,1055,0,0,
lodochniki,393,0,0,
magobi-gora,676,0,0,
malaya-kaskadnaya-peshhera,157,0,0,
maltsovy-osnovateli-kurorta-simeiz,1710,0,0,
mamontova-peshhera,143,0,0,
mangup-kale,413,0,0,
massiv-bojka,901,0,0,
matuba,60,0,0,
mavzolej-abdel-aziz-babaa,284,0,0,
mavzolej-ben-yude-sultan,282,0,0,
mavzolej-eski-dyurbe,254,0,0,
melasskij-park,361,0,0,
meteostantsiya-karabi-yajla,165,0,0,
mikryukovy,149,0,0,
mogila-n-p-krivoshty,230,0,0,
molodezhnaya-peshhera,217,0,0,
moskovskaya,69,0,0,
mramornaya-peshhera,666,0,0,
muhalatka-sanatornoe-melas,591,0,0,
multiaktivnye-tury-po-krymu,805,0,0,
muzej-kamnya-partenit,126,0,0,
muzej-kosmonavtiki-v-arteke,335,0,0,
muzej-prirody-karadaga,84,0,0,
mys-ajya,539,0,0,
mys-alchak,421,0,0,
mys-ili,995,0,0,
mys-martyan,172,0,0,
mys-meganom,327,0,0,
mys-plaka,272,0,0,
mys-sarych,203,0,0,
mys-sarych-2,520,0,0,
mys-svyatoj-troitsy,627,0,0,
naberezhnaya-gurzufa,974,0,0,
nahimovskaya-shahta,171,0,0,
na-sedam-kayu-cherez-vodopad-serebryanye-strui,572,0,0,
neobychnye-mesta-v-krymu,785,0,0,
nikitskaya-rasselina,270,0,0,
nikitskaya-rasselina-2,826,0,0,
nikitskaya-rasshhelina,216,0,0,
nikitskaya-yajla,233,0,0,
nikitskij-pereval,94,0,0,
obval-v-kuchuk-koe-kuchuk-kojskij-opolzen,193,0,0,
ognennye-yavleniya-na-chernom-more-kipenie-morya,414,0,0,
opolznevoe,978,0,0,https://jalita.com/big_yalta/kastropol/index.shtml
o-rusalke-i-fontane-u-mishora,1089,0,0,https://jalita.com/big_yalta/mishor/index.shtml
otzyvy-o-ekskursiyah-bahchisaraj-kompanii-energy-tour,49,0,0,
palmovaya-alleya-v-nikitskom-botanicheskom-sadu,67,0,0,
pamyatnik-amet-hanu-sultanu,198,0,0,
pamyatniki-na-pole-alminskogo-srazheniya,908,0,0,
pamyatnik-koshke-v-gurzufe,235,0,0,
pamyatnik-yulianu-semenovu,486,0,0,
panea-skala,582,0,0,
parkovoe,472,0,0,https://jalita.com/big_yalta/kastropol/index.shtml
parkovoe-park,723,0,0,
partizanskaya-peshhera,533,0,0,
partizanskaya-rechka,1264,0,0,
pereval-gavrel-bogaz,203,0,0,
pereval-gurzufskoe-sedlo,861,0,0,
peshhera-afanaseva,55,0,0,
peshhera-aleshina-voda,433,0,0,
peshhera-bezdonnaya,320,0,0,
peshhera-binbash-koba,321,0,0,
peshhera-boj-chukan,45,0,0,
peshhera-druzhba,143,0,0,
peshhera-dublyanskogo,158,0,0,
peshhera-elektra,110,0,0,
peshhera-emine-bair-hosar,637,0,0,
peshhera-eni-sala-2,442,0,0,
peshhera-golubinaya,686,0,0,
peshhera-grifon-derivat-krasnoj-peshhery,597,0,0,
peshhera-grina,47,0,0,
peshhera-grot-kobazi,103,0,0,
peshhera-gvozdetskogo,275,0,0,
peshhera-hod-konem,834,0,0,
peshhera-imeni-radzievskogo,161,0,0,
peshhera-im-prof-bagrova,107,0,0,
peshhera-iograf,383,0,0,
peshhera-karabijskaya-1-telyachya,128,0,0,
peshhera-karabijskaya-2-im-kozina,100,0,0,
peshhera-karabijskaya-3,114,0,0,
peshhera-kara-murza,278,0,0,
peshhera-kirillovskaya,71,0,0,
peshhera-kopchinskogo,78,0,0,
peshhera-krasnaya-kizil-koba,416,0,0,
peshhera-lyu-hosar,123,0,0,
peshhera-mamina,257,0,0,
peshhera-mar-hosar-marchenko,409,0,0,
peshhera-mira,208,0,0,
peshhera-monastyr-chokrak-su-teshigi,484,0,0,https://jalita.com/guidebook/cave_crimea/kizil-koba/describe.shtml
peshhera-mramornaya,419,0,0,
peshhera-nassonova-anlyusha,162,0,0,
peshhera-pallasa,81,0,0,
peshhera-paniya,454,0,0,
peshhera-pastuhova,273,0,0,
peshhera-pestovskogo,39,0,0,
peshhera-preobrazhenskogo,178,0,0,
peshhera-sezam,206,0,0,
peshhera-shherbakova,65,0,0,
peshhera-skazka,84,0,0,
peshhera-soldatskaya,711,0,0,
peshhera-syundyurlyu-kobasy,371,0,0,
peshhera-terpi-koba,216,0,0,
peshhera-trehglazka,312,0,0,
peshhera-tysyachegolovaya-na-chatyr-dage,713,0,0,
peshhera-uzundzha,277,0,0,
peshhera-vahrusheva,83,0,0,
peshhera-viola-egiz-tinah-3,93,0,0,
peshhera-vyalova,271,0,0,
peshhera-vysotskogo,68,0,0,
peshhera-yubilejnaya,125,0,0,
peshhera-zajtseva,110,0,0,
peshhera-zhyoltaya-sary-koba,228,0,0,
peshhernyj-gorod-bakla,399,0,0,
peshhernyj-gorod-chufut-kale,458,0,0,
peshhernyj-gorod-eski-kermen,411,0,0,
peshhernyj-gorod-kalamita,556,0,0,
peshhernyj-gorod-kyz-kermen,396,0,0,
peshhernyj-gorod-tepe-kermen,458,0,0,
peshhernyj-monastyr-chelter-koba,417,0,0,
peshhernyj-monastyr-chelter-marmara,388,0,0,
peshhernyj-monastyr-shuldan,387,0,0,
peshhery-na-karabi-yajla,749,0,0,
peshie-tury-v-krymu,1037,0,0,
poezdka-iz-yalty-v-simferopol,1142,0,0,
poleznye-iskopaemye-kryma,1605,0,0,
polyana-kermen-na-gore-basman,356,0,0,
po-mestam-sily-sokrashhennyj,269,0,0,
poseleniya-bojki,453,0,0,
pravila-bronirovanija-turov,220,0,0,
pravila-peresecheniya-granitsy-ukrainy,1086,0,0,
prekrasnaya-feodora,1109,0,0,
prirodnye-dostoprimechatelnosti,594,0,0,
prisoedinenie-kryma-k-rossii-v-2014-godu,1448,0,0,
profsoyuznaya-peshhera,123,0,0,
progulka-na-goru-koshka,727,0,0,
proishozhdenie-nazvaniya-bolshaya-yalta,386,0,0,
proval-peshhera,354,0,0,
pushkinskaya-tropa-doroga-nikuda,518,0,0,
pushkinskaya-tropa-doroga-nikuda-2,514,0,0,
pushkinskij-dub,156,0,0,
puteshestvie-po-kachinskoj-doline,280,0,0,
put-v-yaltu-ekskursiya-po-doroge-simferopol-yalta,727,0,0,
rasteniya-nikitskogo-botanicheskogo-sada,447,0,0,
rastitelnyj-mir-na-syuyuryu-kaya,483,0,0,
reka-auzun-uzen,350,0,0,
restavratsiya-lastochkinogo-gnezda,553,0,0,
rezonansnaya-peshhera,107,0,0,
rimskaya-doroga-kalendskaya-tropa,785,0,0,
romanticheskie-ugolki-kryma-mesta-dlya-potseluev,109,0,0,
safari-progulki-na-vnedorozhnikah-i-dzhipah-po-krymu-v-2020,265,0,0,
sarychskij-forosskij-mayak,680,0,0,
sedam-kaya-orlinyj-zalet,545,0,0,
serebryanaya-besedka,162,0,0,
sevastopolskaya-peshhera,165,0,0,
sfinksy-krepost-i-marsianskoe-ozero,294,0,0,
shahta-gablitsa,96,0,0,
shahta-imeni-a-a-krubera,231,0,0,
shahta-im-norbera-kastere,216,0,0,
shahta-im-v-g-eny,268,0,0,
shahta-kristalnaya-peshhera-maksimovicha,217,0,0,
shahta-morozova,90,0,0,
shahta-syuyuryu-kaya,153,0,0,
shahta-troitskogo-harkovskaya,73,0,0,
shahta-vulfa,80,0,0,
shahty-chair-krymskij-ischeznuvshee-selo-kryma,556,0,0,
shherbakov-mihail-fedorovich,153,0,0,
simeiz-2,1511,0,0,https://jalita.com/big_yalta/simeiz/ponizovka.shtml
simeizskaya-observatoriya,750,0,0,
skala-biyuk-isar,380,0,0,
skala-diva,216,0,0,
skala-diva-2,353,0,0,https://jalita.com/guidebook/legends/index.shtml
skala-diva-monah-i-koshka,339,0,0,
skala-krest-ili-skala-krestovaya,259,0,0,
skala-parus,297,0,0,
skala-shalyapina,181,0,0,
skala-shishko,265,0,0,
skala-svidanij,382,0,0,
skaly-adalary,195,0,0,
skelskaya-peshhera,435,0,0,
skelskaya-peshhera-2,444,0,0,https://jalita.com/guidebook/landscape/skelsk_cave.shtml
sklep-berezinyh-v-suuk-su,1124,0,0,
snezhnaya-peshhera,122,0,0,
soldatskaya-peshhera,395,0,0,
soldatskaya-shahta,556,0,0,
solnechnaya-tropa-tsarskaya-tropa,862,0,0,https://jalita.com/big_yalta/livadia/dvorets.shtml
sotira-gora,100,0,0,
speleoturizm-v-krymu,331,0,0,
stavrikajskaya-peshhera,124,0,0,
stratogaj-gol-1,181,0,0,
stratogaj-gol-2,101,0,0,
studencheskaya-shahta,403,0,0,
suuk-koba,339,0,0,
suvorovskaya-peshhera,171,0,0,
svyato-uspenskij-peshhernyj-monastyr-v-krymu,366,0,0,
syujrenskaya-krepost,266,0,0,
syundyurlyu-koba-potuhshaya-peshhera,590,0,0,
syuyuryu-kaya,401,0,0,
syuyuryu-kaya-skala,394,0,0,https://jalita.com/guidebook/fortness/suuru-kaya_isar.shtml
taj-koba-gora,211,0,0,
tamozhnya-ukrainy,1157,0,0,
taraktash,311,0,0,
tatar-jolu,118,0,0,
tavricheskaya-uchyonaya-arhivnaya-komissiya-tuak,784,0,0,
tavrskaya-peshhera,519,0,0,
tepe-kermen-2,252,0,0,
treshhinnaya-im-dorofeeva-shahta,200,0,0,
tri-religii,326,0,0,
tropa-gavrel-bogaz,60,0,0,
tropa-kurchatova,390,0,0,
tsabel-nikolaj-egorovich,149,0,0,
tury-na-kvadrotsiklah-v-krymu,416,0,0,
tury-vyhodnogo-dnya-v-krymu,495,0,0,
tyulpany-v-krymu,821,0,0,
urochishhe-ayazma,430,0,0,
ushakovskaya-peshhera,157,0,0,
uspenskij-monastyr,282,0,0,
ustreya-bogaz-astreya-bogaz-nikitskij-bogaz,75,0,0,
vanna-molodosti-kara-gol,411,0,0,
vanny-molodosti-v-krymu,645,0,0,
velotury-v-krymu,2790,0,0,
venta,140,0,0,
vernadskogo-shahta,122,0,0,
vglub-zmeinoj-peshhery,445,0,0,
vizovskaya-peshhera,107,0,0,
vodopad-dzhur-dzhur,240,0,0,
vodopad-kobalar-kozyrek-peshhernyj-ovrag,174,0,0,
vodopad-kozyrek,253,0,0,
vodopad-serebryanye-strui,664,0,0,
vorontsovskij-dvorets,75,0,0,
yalta,1187,0,0,
yalta-2,1396,0,0,
yaltinskaya-peshhera,177,0,0,
yaltinskaya-yajla,248,0,0,https://jalita.com/guidebook/cave_crimea/iograf.shtml
yaltinskij-port,628,0,0,
yusupovskij-dvorets,363,0,0,https://jalita.com/guidebook/bakhchisaray/sokolinoe_yusupov_dom.shtml
yusupovskoe-ozero,240,0,0,
yuzhnyj-bereg-kryma,684,0,0,https://jalita.com/guidebook/bakhchisaray/alimov_pictures.shtml
zamok-kyz-kule,390,0,0,
zapovednik-mys-martyan,1598,0,0,
zemletryasenie-1927-goda-v-alushte,845,0,0,
zemletryasenie-1927-goda-v-sevastopole,1030,0,0,
zmeinaya-peshhera,367,0,0,
